id;foto;foto_content_type;nome;dt_nascimento;cpf;email;created_by;created_date;last_modified_by;last_modified_date
1;../fake-data/blob/hipster.png;image/png;incidentally truly fortunately;2025-02-09;"145127.02088";"86UVJu@x.g.0.YyhLS.NSUx.2c0m";singe eek grown;2025-02-09T19:24:48;boo;2025-02-09T14:37:09
2;../fake-data/blob/hipster.png;image/png;boohoo;2025-02-09;"470031.495-43";"oE@Qg22U.TsHVH.-.a.uditP.38z2";how insignificant;2025-02-09T05:12:44;woot;2025-02-09T07:10:58
3;../fake-data/blob/hipster.png;image/png;terrible boldly;2025-02-09;"297.349520-64";"l@3Af.oQ.gZM.s.mHE_2X.mkVD";scamper;2025-02-09T10:11:58;oh furthermore whose;2025-02-09T21:46:37
4;../fake-data/blob/hipster.png;image/png;circular poetry jubilantly;2025-02-09;"368.39541250";"0@I7.J.L6-PyT.4QAZ.9E.5X";powerfully councilman;2025-02-09T16:29:54;afore;2025-02-09T07:21:47
5;../fake-data/blob/hipster.png;image/png;who monster;2025-02-09;"84050810508";"3z3CZ@DtfGm.biUQ";aha scratchy;2025-02-09T19:59:40;diligently willing instead;2025-02-09T04:02:44
6;../fake-data/blob/hipster.png;image/png;extricate;2025-02-09;"624342.001-46";"oaD@MFGB.sxw_BW.pTA.EEB2.xfhbRF.4A";inside pish;2025-02-09T20:49:03;partially;2025-02-09T13:58:15
7;../fake-data/blob/hipster.png;image/png;sympathetically indeed;2025-02-09;"555.81446973";"hN@F8Mg2.zcY";vastly well;2025-02-09T12:19:34;ugh;2025-02-09T10:18:26
8;../fake-data/blob/hipster.png;image/png;altruistic obtrude partially;2025-02-09;"191.372.181-04";"D1Uczu@Ck.uM-6";disapprove negative ew;2025-02-09T19:11:23;while;2025-02-09T02:41:57
9;../fake-data/blob/hipster.png;image/png;frank talkative;2025-02-09;"964149.72518";"jS67_y@OH6th.qGPA";ick;2025-02-09T04:11:02;suspiciously except why;2025-02-09T02:39:49
10;../fake-data/blob/hipster.png;image/png;community;2025-02-09;"304.029.970-25";"i@PC.-wVlZ.fKwxP.D.4hXoj.I2";gah greatly;2025-02-09T03:42:12;blaspheme;2025-02-09T13:24:19
